<assembly>
    <!--描述文件ID-->
    <id>assembly</id>
    <formats>
        <!--打包格式-->
        <format>zip</format>
    </formats>
    <!--zip是否包含一个根目录，一般的我们会选择false，避免多余的文件夹-->
    <includeBaseDirectory>true</includeBaseDirectory>
    <!--zip根目录名称，如果为空，则zip没有一个ROOT目录-->
    <baseDirectory>ROOT</baseDirectory>
    <!--需要被打包的文件集合-->
    <fileSets>
        <!--被打包的文件集合1-->
        <fileSet>
            <!--打包后，输出到zip的目录（相对于baseDirectory元素）-->
            <outputDirectory>classes</outputDirectory>
            <!--定位文件系统上待打包的文件夹，相对于项目ROOT目录-->
            <directory>target</directory>
            <includes>
                <!--包含所有的JAR文件-->
                <include>*.jar</include>
            </includes>
        </fileSet>
    </fileSets>
</assembly>